index,name
PERSON_0000000000,Amy Berger
PERSON_0000000001,Michael Curry
PERSON_0000000002,Robert Ramirez
PERSON_0000000003,Derek Gonzalez
PERSON_0000000004,Gregory Fischer
PERSON_0000000005,Erica Walker
PERSON_0000000006,Bradley Collins
PERSON_0000000007,James Rodriguez
PERSON_0000000008,Brandy Padilla
PERSON_0000000009,Mark Taylor
PERSON_0000000010,Molly Norris
PERSON_0000000011,Dillon Jenkins
PERSON_0000000012,Lisa Smith
PERSON_0000000013,Lauren Gonzalez
PERSON_0000000014,James Dean
PERSON_0000000015,Sheila Cook
PERSON_0000000016,Cassandra Wolfe
PERSON_0000000017,Trevor Le
PERSON_0000000018,Laura Yang
PERSON_0000000019,Ryan Barrett
PERSON_0000000020,John Sullivan
PERSON_0000000021,Laurie Jordan
PERSON_0000000022,Lori Smith
PERSON_0000000023,Jennifer Whitehead
PERSON_0000000024,Matthew Holland
PERSON_0000000025,Jenna Garcia
PERSON_0000000026,Hannah Walker
PERSON_0000000027,Tony Wong
PERSON_0000000028,Christie Lee
PERSON_0000000029,Kevin Hood
PERSON_0000000030,Ashley Booth
PERSON_0000000031,Neil Miller Jr.
PERSON_0000000032,Sarah Mejia
PERSON_0000000033,Kara Mcguire
PERSON_0000000034,Leslie Barker
PERSON_0000000035,Jennifer Anderson
PERSON_0000000036,Savannah Torres
PERSON_0000000037,Laura Daniel
PERSON_0000000038,Mary Collins
PERSON_0000000039,Mark Mcclure
PERSON_0000000040,Matthew Mahoney
PERSON_0000000041,Renee Hancock
PERSON_0000000042,David Chavez Jr.
PERSON_0000000043,Douglas Brown
PERSON_0000000044,Whitney Harper
PERSON_0000000045,Michael Robinson
PERSON_0000000046,Heather Saunders
PERSON_0000000047,Mark Massey
PERSON_0000000048,Ann Smith
PERSON_0000000049,Tyler Acevedo
PERSON_0000000050,Ryan Hernandez
PERSON_0000000051,Melinda Douglas
PERSON_0000000052,Michelle Brooks
PERSON_0000000053,Jennifer Guzman
PERSON_0000000054,Maria Johnson
PERSON_0000000055,Lisa Rogers
PERSON_0000000056,Heather Stone
PERSON_0000000057,Anna Davis
PERSON_0000000058,Courtney Lee
PERSON_0000000059,Harold Medina
PERSON_0000000060,Brandy Brewer
PERSON_0000000061,Richard Jacobs
PERSON_0000000062,Bobby Lopez
PERSON_0000000063,Bethany Schroeder
PERSON_0000000064,Christopher Turner
PERSON_0000000065,Matthew Watson
PERSON_0000000066,Austin Shelton
PERSON_0000000067,Christopher Cantu
PERSON_0000000068,Amanda Taylor
PERSON_0000000069,Jennifer Wall
PERSON_0000000070,Rachel Davis
PERSON_0000000071,John Gutierrez
PERSON_0000000072,Rhonda West
PERSON_0000000073,Karen Wallace
PERSON_0000000074,Destiny Young
PERSON_0000000075,William Johnson
PERSON_0000000076,Nicole Wise
PERSON_0000000077,Kimberly Barnes
PERSON_0000000078,Richard Smith
PERSON_0000000079,Claudia Duran
PERSON_0000000080,Dawn Larson
PERSON_0000000081,Aaron Solomon
PERSON_0000000082,Gregory Blair
PERSON_0000000083,Christopher Anthony
PERSON_0000000084,Melissa Mccormick
PERSON_0000000085,Crystal Hansen
PERSON_0000000086,Janet Mcdonald
PERSON_0000000087,Marissa Small
PERSON_0000000088,Lauren Davis
PERSON_0000000089,Kyle Garcia
PERSON_0000000090,Nancy Morgan
PERSON_0000000091,Anna Rivera
PERSON_0000000092,Ryan Griffith
PERSON_0000000093,Jessica Lynch
PERSON_0000000094,Sara Duncan
PERSON_0000000095,Charles Harris
PERSON_0000000096,Sabrina Hernandez
PERSON_0000000097,Jaclyn Johnson
PERSON_0000000098,Robert Reed
PERSON_0000000099,Linda Barrera
PERSON_0000000100,Ashley Downs
PERSON_0000000101,Connie Morales
PERSON_0000000102,Jose Ortiz
PERSON_0000000103,Sara Gonzalez
PERSON_0000000104,Melissa Baker
PERSON_0000000105,Sarah Johnson
PERSON_0000000106,Jeremy Brown
PERSON_0000000107,Lisa Hill
PERSON_0000000108,Darren Yates
PERSON_0000000109,Kevin Gutierrez
PERSON_0000000110,Derek Reyes
PERSON_0000000111,Tyrone Mcconnell
PERSON_0000000112,Jennifer Pham
PERSON_0000000113,Tina Gillespie
PERSON_0000000114,Lisa Flores
PERSON_0000000115,Sean Green
PERSON_0000000116,Leslie Keith
PERSON_0000000117,Renee Jackson
PERSON_0000000118,Mary Wilson
PERSON_0000000119,Grace Wilkins
PERSON_0000000120,George Anderson
PERSON_0000000121,Rachel Rodriguez
PERSON_0000000122,Jennifer Parker
PERSON_0000000123,Karen Perkins
PERSON_0000000124,Donald Brown II
PERSON_0000000125,Mathew Prince
PERSON_0000000126,Jeffery Mcclain
PERSON_0000000127,Courtney Bentley
PERSON_0000000128,Dwayne Padilla
PERSON_0000000129,Tammy Maldonado
PERSON_0000000130,Stacey Frank
PERSON_0000000131,James Savage
PERSON_0000000132,Kevin Hill
PERSON_0000000133,Sabrina Bennett
PERSON_0000000134,Danny Silva
PERSON_0000000135,Zachary Casey
PERSON_0000000136,Joseph Rasmussen
PERSON_0000000137,Christie Olson
PERSON_0000000138,Stephanie Daugherty
PERSON_0000000139,Samantha Richardson
PERSON_0000000140,Janet Vaughn
PERSON_0000000141,Laura Duncan
PERSON_0000000142,Cynthia Middleton
PERSON_0000000143,Clayton Holden
PERSON_0000000144,Justin Mills
PERSON_0000000145,Craig Nguyen
PERSON_0000000146,Charles Jones
PERSON_0000000147,Amanda Smith
PERSON_0000000148,Amy Anderson
PERSON_0000000149,James Vance
PERSON_0000000150,Candace Miller
PERSON_0000000151,Ashley Norris
PERSON_0000000152,Cynthia Noble
PERSON_0000000153,Regina Lee
PERSON_0000000154,Jason Williams
PERSON_0000000155,John Coleman
PERSON_0000000156,Richard Bray
PERSON_0000000157,Ariana Taylor
PERSON_0000000158,Jeffrey Johnson
PERSON_0000000159,Steven Wilson
PERSON_0000000160,Catherine Thomas
PERSON_0000000161,Steven Johnson
PERSON_0000000162,Lauren Evans
PERSON_0000000163,Kristin Webster
PERSON_0000000164,Sean Rodriguez
PERSON_0000000165,Craig Contreras
PERSON_0000000166,Blake Anthony
PERSON_0000000167,Todd Woods
PERSON_0000000168,Marissa Kramer
PERSON_0000000169,Bianca Brown
PERSON_0000000170,Michelle Meadows
PERSON_0000000171,Michelle Ramirez
PERSON_0000000172,Jennifer Moss
PERSON_0000000173,Michelle Armstrong
PERSON_0000000174,Jeffrey Walton
PERSON_0000000175,Joseph Smith
PERSON_0000000176,Jacqueline Trevino
PERSON_0000000177,Carol Berry
PERSON_0000000178,Christian Payne
PERSON_0000000179,Crystal Roberts
PERSON_0000000180,Edgar Bradford
PERSON_0000000181,Edward Richards
PERSON_0000000182,Mrs. Holly Solomon
PERSON_0000000183,Amanda Ramirez
PERSON_0000000184,Emma Thompson
PERSON_0000000185,Michael Haney
PERSON_0000000186,Gary Simmons
PERSON_0000000187,George Valdez
PERSON_0000000188,Travis Livingston
PERSON_0000000189,Ann Collins
PERSON_0000000190,Leslie Robinson
PERSON_0000000191,Nicholas Taylor
PERSON_0000000192,Jacob Byrd
PERSON_0000000193,Jessica Howell
PERSON_0000000194,Cynthia Mitchell
PERSON_0000000195,Jennifer Dawson
PERSON_0000000196,Ryan Perez
PERSON_0000000197,Brandon Browning
PERSON_0000000198,Dr. Stefanie Jimenez DDS
PERSON_0000000199,Laurie Cooke
PERSON_0000000200,Robert Abbott
PERSON_0000000201,Erica Alvarez
PERSON_0000000202,Mark Mason
PERSON_0000000203,Rhonda Kaufman
PERSON_0000000204,Bobby Kirby
PERSON_0000000205,Valerie Heath
PERSON_0000000206,William Lynch
PERSON_0000000207,Timothy Dawson
PERSON_0000000208,Danielle Williams
PERSON_0000000209,Jeffrey King
PERSON_0000000210,Lindsey Henderson
PERSON_0000000211,Lauren Rasmussen
PERSON_0000000212,James Hall
PERSON_0000000213,Tiffany Sanchez
PERSON_0000000214,Michelle Johnson
PERSON_0000000215,Sabrina Reeves
PERSON_0000000216,Kelly Thomas
PERSON_0000000217,David Combs
PERSON_0000000218,Andrew Sims
PERSON_0000000219,Michael Bautista
PERSON_0000000220,Drew Martin DDS
PERSON_0000000221,Eric Rollins
PERSON_0000000222,Sheila Brown
PERSON_0000000223,Jason Harvey
PERSON_0000000224,James Henderson
PERSON_0000000225,Gloria Washington
PERSON_0000000226,Mario Smith
PERSON_0000000227,Jennifer Turner
PERSON_0000000228,Anthony Young
PERSON_0000000229,Ashley Bell
PERSON_0000000230,Cameron Mills
PERSON_0000000231,James Oneal
PERSON_0000000232,Brenda Palmer
PERSON_0000000233,Melissa Dixon
PERSON_0000000234,Stephen Thompson
PERSON_0000000235,Mark Gregory
PERSON_0000000236,Charles Maldonado
PERSON_0000000237,Jamie Barnes
PERSON_0000000238,Cynthia Brandt
PERSON_0000000239,Darrell Hale
PERSON_0000000240,Duane Herring
PERSON_0000000241,Donna Love
PERSON_0000000242,John Logan
PERSON_0000000243,Jennifer Faulkner
PERSON_0000000244,Rebecca Thompson
PERSON_0000000245,Matthew Vazquez
PERSON_0000000246,Judy Yu
PERSON_0000000247,Jessica Guerrero
PERSON_0000000248,Susan Reed
PERSON_0000000249,Jeremy Cruz
PERSON_0000000250,Jennifer Haas
PERSON_0000000251,Michael Lyons
PERSON_0000000252,Jason West
PERSON_0000000253,Michelle Downs
PERSON_0000000254,Jacqueline Wyatt
PERSON_0000000255,Cody Day
PERSON_0000000256,Kayla Petersen
PERSON_0000000257,James Perry
PERSON_0000000258,Mark Simon
PERSON_0000000259,Elizabeth Smith
PERSON_0000000260,Daniel Ross
PERSON_0000000261,Thomas Oneal
PERSON_0000000262,Mitchell Williams
PERSON_0000000263,Kevin King
PERSON_0000000264,Elizabeth Odom
PERSON_0000000265,Brady Daniels
PERSON_0000000266,Stephen Pena
PERSON_0000000267,James Johnson
PERSON_0000000268,Jennifer Bell
PERSON_0000000269,Wendy Brown
PERSON_0000000270,Jeremy Schultz
PERSON_0000000271,Johnathan Miller
PERSON_0000000272,Sharon Bowers
PERSON_0000000273,Adrian Jones
PERSON_0000000274,Tina Anderson
PERSON_0000000275,Emily Koch
PERSON_0000000276,Katelyn Thompson
PERSON_0000000277,Shane Mayer
PERSON_0000000278,Tina Murphy
PERSON_0000000279,Mrs. Jill Allen
PERSON_0000000280,Jeffrey Mueller
PERSON_0000000281,Patrick Eaton
PERSON_0000000282,Jason Meyer
PERSON_0000000283,Derek Barnett
PERSON_0000000284,Charles Martinez
PERSON_0000000285,Jesse Huber
PERSON_0000000286,Kendra Olson
PERSON_0000000287,Nicole Gross
PERSON_0000000288,Elizabeth Hill
PERSON_0000000289,Christina Willis
PERSON_0000000290,Anthony Mitchell
PERSON_0000000291,Janet Hall
PERSON_0000000292,Amanda Lang
PERSON_0000000293,Jacqueline Roberson
PERSON_0000000294,Sharon Obrien
PERSON_0000000295,Steven Johnson
PERSON_0000000296,Rebecca Rodriguez
PERSON_0000000297,Nicole Anderson
PERSON_0000000298,Steven Mcdonald
PERSON_0000000299,Kimberly Boyd
PERSON_0000000300,Steven Hernandez
PERSON_0000000301,Susan Bowers
PERSON_0000000302,Megan Smith
PERSON_0000000303,Joy Lee
PERSON_0000000304,Paul Campbell
PERSON_0000000305,Bryan Castro
PERSON_0000000306,Melody Morgan
PERSON_0000000307,Tiffany Gomez
PERSON_0000000308,Sandra Cox
PERSON_0000000309,Terrence Floyd
PERSON_0000000310,Andrew Williams
PERSON_0000000311,Joseph Mays
PERSON_0000000312,Katie Francis
PERSON_0000000313,Colton Mercado
PERSON_0000000314,Richard Neal
PERSON_0000000315,Tara Salas
PERSON_0000000316,Michael Taylor
PERSON_0000000317,Alexander Mercer
PERSON_0000000318,Jennifer Villegas
PERSON_0000000319,Richard Armstrong
PERSON_0000000320,Willie Cross
PERSON_0000000321,Allen Mcdonald
PERSON_0000000322,Sherry Alvarado
PERSON_0000000323,Patrick Calderon
PERSON_0000000324,Mrs. Laurie Osborn
PERSON_0000000325,Michele Jackson
PERSON_0000000326,Manuel Johnson
PERSON_0000000327,Keith Rodriguez
PERSON_0000000328,Diamond Taylor
PERSON_0000000329,Jessica Berry
PERSON_0000000330,Jared Dunn
PERSON_0000000331,Dr. Michael Quinn
PERSON_0000000332,Casey Becker
PERSON_0000000333,Devin Rivas
PERSON_0000000334,Melissa Carter
PERSON_0000000335,Mr. Rodney Brown
PERSON_0000000336,Jamie Case
PERSON_0000000337,Charles Cunningham
PERSON_0000000338,Sherri Waters
PERSON_0000000339,Kayla Murray
PERSON_0000000340,Catherine Stewart
PERSON_0000000341,David Gomez
PERSON_0000000342,Jordan Sanchez
PERSON_0000000343,Carrie Tucker
PERSON_0000000344,Timothy Coleman
PERSON_0000000345,Vincent Douglas
PERSON_0000000346,Paula Drake
PERSON_0000000347,Barbara Spencer
PERSON_0000000348,Shelby Beck
PERSON_0000000349,Tanya Hill
PERSON_0000000350,Michael Marsh
PERSON_0000000351,Laura Barber
PERSON_0000000352,Nancy King
PERSON_0000000353,Deborah Haas
PERSON_0000000354,Adam Martinez
PERSON_0000000355,Danny Chandler
PERSON_0000000356,Priscilla Miller
PERSON_0000000357,Michelle Bailey
PERSON_0000000358,Michael Glenn
PERSON_0000000359,Jack Carroll
PERSON_0000000360,Brenda Beck
PERSON_0000000361,Nicholas Duncan
PERSON_0000000362,Michael Burke
PERSON_0000000363,Alison Stafford
PERSON_0000000364,Patrick Steele
PERSON_0000000365,Mr. Jeffrey Dawson
PERSON_0000000366,Chad Combs
PERSON_0000000367,Andrea Jones
PERSON_0000000368,Ann Hawkins
PERSON_0000000369,Kelly Brown
PERSON_0000000370,Jesus Freeman
PERSON_0000000371,Paula Martin
PERSON_0000000372,Brandon Rose
PERSON_0000000373,Teresa Collins
PERSON_0000000374,Jon Ramos
PERSON_0000000375,Robert Simmons
PERSON_0000000376,Christine Ortiz
PERSON_0000000377,Michelle Hurley
PERSON_0000000378,Christopher Kirk
PERSON_0000000379,James Pratt
PERSON_0000000380,Lawrence Young
PERSON_0000000381,Barbara Richmond
PERSON_0000000382,Lauren Castillo
PERSON_0000000383,David Smith
PERSON_0000000384,Sonya Wiley
PERSON_0000000385,Timothy Davis
PERSON_0000000386,Andrew Valenzuela
PERSON_0000000387,Susan Miller
PERSON_0000000388,Kimberly Martin
PERSON_0000000389,Nathaniel Phillips
PERSON_0000000390,Michelle Hernandez
PERSON_0000000391,Carl Long
PERSON_0000000392,Kimberly Lewis
PERSON_0000000393,Justin Perkins
PERSON_0000000394,Jeffrey Schneider
PERSON_0000000395,Sarah Galloway
PERSON_0000000396,Allison Valdez
PERSON_0000000397,Michelle Poole
PERSON_0000000398,Steven Dyer
PERSON_0000000399,Leonard Barton
PERSON_0000000400,Hayley Randolph
PERSON_0000000401,Megan Castillo
PERSON_0000000402,Dr. Christina Dickerson MD
PERSON_0000000403,Donna Hull PhD
PERSON_0000000404,Mary Hill
PERSON_0000000405,Jessica Watson
PERSON_0000000406,Lauren Thomas
PERSON_0000000407,Melvin Wallace
PERSON_0000000408,Traci Miller
PERSON_0000000409,Jared Weber
PERSON_0000000410,Henry Padilla PhD
PERSON_0000000411,Donald Blair
PERSON_0000000412,Joshua Garcia
PERSON_0000000413,Jacob Davis
PERSON_0000000414,Robert Tran
PERSON_0000000415,Kim Liu
PERSON_0000000416,Heather Pacheco
PERSON_0000000417,Ryan Acosta
PERSON_0000000418,Christina Mullins
PERSON_0000000419,Nathan Rodriguez
PERSON_0000000420,Ralph Bryan
PERSON_0000000421,Michael Banks
PERSON_0000000422,Kristin Bennett
PERSON_0000000423,Edward Harrington
PERSON_0000000424,Heather Allen
PERSON_0000000425,Nicole Brown
PERSON_0000000426,Kyle Carson
PERSON_0000000427,Melvin Cowan
PERSON_0000000428,Donald Drake
PERSON_0000000429,Dr. Brandon Roach
PERSON_0000000430,Denise Gibson
PERSON_0000000431,Claudia Hernandez
PERSON_0000000432,Erica Wright
PERSON_0000000433,Amy Chavez
PERSON_0000000434,Ruth Coleman
PERSON_0000000435,Cameron Cowan
PERSON_0000000436,Heather Yates
PERSON_0000000437,Cody Alvarez
PERSON_0000000438,Amanda Sanchez
PERSON_0000000439,Jennifer Morales
PERSON_0000000440,Kim Mcintosh
PERSON_0000000441,Amy Greene
PERSON_0000000442,Lisa Nunez
PERSON_0000000443,Daniel Arroyo
PERSON_0000000444,Marie Anderson
PERSON_0000000445,Alexander Stewart
PERSON_0000000446,Emily Lewis
PERSON_0000000447,Breanna Robinson
PERSON_0000000448,Shawn Ramirez
PERSON_0000000449,Sherry Schmidt
PERSON_0000000450,Jennifer Jones
PERSON_0000000451,Harold Powers
PERSON_0000000452,Richard Taylor
PERSON_0000000453,Ashley Hall
PERSON_0000000454,David Cook
PERSON_0000000455,Kimberly Vang
PERSON_0000000456,Carla Lambert
PERSON_0000000457,William Haas
PERSON_0000000458,Eddie Davis
PERSON_0000000459,David Wilson
PERSON_0000000460,Chase Hardin
PERSON_0000000461,Alexandra Brown
PERSON_0000000462,Ryan Brady
PERSON_0000000463,Thomas Finley
PERSON_0000000464,Pamela Carter
PERSON_0000000465,Tara Rogers
PERSON_0000000466,Jerry Davis
PERSON_0000000467,Joseph Middleton
PERSON_0000000468,George Delgado
PERSON_0000000469,Eric Martinez
PERSON_0000000470,Daisy Guerra
PERSON_0000000471,Megan Barnes
PERSON_0000000472,Jonathan Powell
PERSON_0000000473,David Harris
PERSON_0000000474,Tanya Russell
PERSON_0000000475,Kayla Glass
PERSON_0000000476,Nicole Conner
PERSON_0000000477,Kristen Brennan
PERSON_0000000478,James Campbell
PERSON_0000000479,Michelle Glass
PERSON_0000000480,Matthew Arias
PERSON_0000000481,Zachary Lee
PERSON_0000000482,Rachel Murray
PERSON_0000000483,Ryan Stuart
PERSON_0000000484,Troy Pearson
PERSON_0000000485,William Richardson
PERSON_0000000486,Edward Solis
PERSON_0000000487,Samantha Myers
PERSON_0000000488,Robert Williams
PERSON_0000000489,Christopher Hahn
PERSON_0000000490,Tricia Hammond
PERSON_0000000491,Kevin Carson
PERSON_0000000492,Lisa Johnson
PERSON_0000000493,Jennifer Reyes
PERSON_0000000494,Tyler Pearson
PERSON_0000000495,Lori Roman
PERSON_0000000496,John Jackson
PERSON_0000000497,Russell Cervantes
PERSON_0000000498,Chad Cox
PERSON_0000000499,Bryan Walker
PERSON_0000000500,Samantha Rogers
PERSON_0000000501,Tiffany Murphy
PERSON_0000000502,Amanda Nunez
PERSON_0000000503,Stephanie Bruce
PERSON_0000000504,Patrick Acosta
PERSON_0000000505,Ryan Day
PERSON_0000000506,Jason Young
PERSON_0000000507,Paul Torres
PERSON_0000000508,Christine Kane
PERSON_0000000509,Betty Sandoval
PERSON_0000000510,Stephanie King
PERSON_0000000511,Gregory Peters
PERSON_0000000512,Richard Robertson
PERSON_0000000513,Nicholas Martinez
PERSON_0000000514,Timothy Mcknight
PERSON_0000000515,Anthony Rivera
PERSON_0000000516,Patricia Anderson
PERSON_0000000517,James Coffey
PERSON_0000000518,Kara Wang
PERSON_0000000519,Kenneth Roberts
PERSON_0000000520,Katrina Espinoza
PERSON_0000000521,James Bryant
PERSON_0000000522,James George
PERSON_0000000523,Jennifer Huffman
PERSON_0000000524,Matthew Wyatt
PERSON_0000000525,Christopher Terry
PERSON_0000000526,Lisa Johnson
PERSON_0000000527,Crystal Ward
PERSON_0000000528,Mark Harris
PERSON_0000000529,Jay Cooper
PERSON_0000000530,Thomas Gordon
PERSON_0000000531,Terri Taylor
PERSON_0000000532,Molly Jackson
PERSON_0000000533,Stephanie Marshall
PERSON_0000000534,Michael Peters
PERSON_0000000535,Maria Kim
PERSON_0000000536,Sarah Wolf
PERSON_0000000537,Evan Warren
PERSON_0000000538,Mary Garza
PERSON_0000000539,Brandon Sherman
PERSON_0000000540,Nathan Sharp
PERSON_0000000541,Christina Hill
PERSON_0000000542,Antonio Freeman
PERSON_0000000543,Jody Mason
PERSON_0000000544,Jonathan Rogers
PERSON_0000000545,Timothy Kent
PERSON_0000000546,Kelly Owens
PERSON_0000000547,Teresa Parks
PERSON_0000000548,Ronald Smith
PERSON_0000000549,Dennis Mitchell
PERSON_0000000550,Jessica Steele
PERSON_0000000551,Linda Williams
PERSON_0000000552,George Watkins MD
PERSON_0000000553,Christopher Jones
PERSON_0000000554,Joseph Mccarthy
PERSON_0000000555,Marc Lewis
PERSON_0000000556,Jordan Owens
PERSON_0000000557,Alex Hoffman
PERSON_0000000558,Barbara Mccarthy
PERSON_0000000559,Paul Hughes
PERSON_0000000560,Kimberly Nelson
PERSON_0000000561,Debra Brooks
PERSON_0000000562,Lucas Vargas
PERSON_0000000563,Lisa Durham
PERSON_0000000564,Alicia Vega
PERSON_0000000565,Sara Jarvis
PERSON_0000000566,Alan Gray
PERSON_0000000567,Carrie Mccarthy
PERSON_0000000568,Jose Smith
PERSON_0000000569,Valerie Wood
PERSON_0000000570,Alyssa Ellis
PERSON_0000000571,Laura Harding
PERSON_0000000572,Nicholas Hardin
PERSON_0000000573,Lori Marks
PERSON_0000000574,Eric Knight
PERSON_0000000575,Mandy Burke
PERSON_0000000576,Michael White
PERSON_0000000577,Kimberly Beck
PERSON_0000000578,Julie Moody PhD
PERSON_0000000579,Matthew Bradley
PERSON_0000000580,Michelle Daniel
PERSON_0000000581,Denise Harris
PERSON_0000000582,Michael Lewis
PERSON_0000000583,Shannon Flowers
PERSON_0000000584,Scott Taylor
PERSON_0000000585,Paul Schmitt
PERSON_0000000586,Michael Riley MD
PERSON_0000000587,Rose Mcknight
PERSON_0000000588,Ronald Juarez
PERSON_0000000589,Terry Daniels
PERSON_0000000590,John Paul
PERSON_0000000591,Sarah Herman DDS
PERSON_0000000592,Erica Henderson
PERSON_0000000593,David Reed
PERSON_0000000594,Jason Wong
PERSON_0000000595,Jessica Haley
PERSON_0000000596,Matthew Browning
PERSON_0000000597,Ruth Mckee
PERSON_0000000598,Cheyenne Young
PERSON_0000000599,Michelle Petersen
PERSON_0000000600,Teresa Duran
PERSON_0000000601,Jacob Davis
PERSON_0000000602,Alexandra Sullivan
PERSON_0000000603,Christopher Gibson
PERSON_0000000604,Michael Crawford
PERSON_0000000605,Olivia Ellis
PERSON_0000000606,Shane Bradford
PERSON_0000000607,Jerry Contreras
PERSON_0000000608,Michael Ruiz
PERSON_0000000609,Danielle Duncan
PERSON_0000000610,Kenneth Adams
PERSON_0000000611,Steven Strickland
PERSON_0000000612,Eric Hodges
PERSON_0000000613,Madison Curry
PERSON_0000000614,William Mcguire
PERSON_0000000615,Julie Carlson
PERSON_0000000616,Tracey Morton
PERSON_0000000617,Jacqueline Munoz
PERSON_0000000618,Justin Sharp
PERSON_0000000619,Timothy Brown
PERSON_0000000620,Nathaniel Miller
PERSON_0000000621,Laura Thomas
PERSON_0000000622,George Mcclure
PERSON_0000000623,Brian Fry
PERSON_0000000624,Sarah Sloan
PERSON_0000000625,Michael Morse
PERSON_0000000626,Nicholas Brooks
PERSON_0000000627,Gregory Chapman
PERSON_0000000628,Francisco Holmes
PERSON_0000000629,Laura Velez
PERSON_0000000630,Cody Tate
PERSON_0000000631,Erin Miller
PERSON_0000000632,Mary Bartlett
PERSON_0000000633,Michele Hoffman
PERSON_0000000634,Belinda Nguyen
PERSON_0000000635,Justin Collins
PERSON_0000000636,Ryan Bryant
PERSON_0000000637,Elizabeth Hansen
PERSON_0000000638,Edgar Villarreal
PERSON_0000000639,Joseph Davenport
PERSON_0000000640,Mr. Jack Miller
PERSON_0000000641,Patricia Reilly
PERSON_0000000642,Janice Benitez
PERSON_0000000643,Jessica Solis
PERSON_0000000644,Amy Cherry
PERSON_0000000645,Adam Hawkins
PERSON_0000000646,Brandy Stevenson
PERSON_0000000647,Eric Hawkins
PERSON_0000000648,Melissa Horton
PERSON_0000000649,Martin Phillips
PERSON_0000000650,Lauren Williams
PERSON_0000000651,Kathleen Hunt
PERSON_0000000652,Mr. Leonard Schmidt
PERSON_0000000653,Julia Ward
PERSON_0000000654,Jennifer Phillips
PERSON_0000000655,Julie Perry
PERSON_0000000656,Patrick Hart
PERSON_0000000657,Jamie West
PERSON_0000000658,Donna Williams
PERSON_0000000659,Rachel Allen
PERSON_0000000660,Barbara Brown
PERSON_0000000661,Eric Hernandez
PERSON_0000000662,Alexandria Parker
PERSON_0000000663,Laura Hughes
PERSON_0000000664,Nichole Jordan
PERSON_0000000665,Nancy Cook
PERSON_0000000666,Christopher Sanchez
PERSON_0000000667,Collin Johnson
PERSON_0000000668,Michael Li
PERSON_0000000669,Jeffery Yates
PERSON_0000000670,Anthony Obrien
PERSON_0000000671,Megan Clark
PERSON_0000000672,Cody Taylor
PERSON_0000000673,Amanda Blankenship
PERSON_0000000674,Katherine Kramer
PERSON_0000000675,Andrea Nguyen
PERSON_0000000676,Timothy Bishop
PERSON_0000000677,Angela Peterson
PERSON_0000000678,Jason Brown
PERSON_0000000679,Sean Garcia
PERSON_0000000680,Thomas Gonzalez
PERSON_0000000681,Alexandra Sims
PERSON_0000000682,Luke Dickson
PERSON_0000000683,Steven Summers
PERSON_0000000684,Laurie Obrien
PERSON_0000000685,Laura Harrison
PERSON_0000000686,Paige Mitchell
PERSON_0000000687,Anne Page
PERSON_0000000688,Carol Miles
PERSON_0000000689,Ashley Burton
PERSON_0000000690,Lisa Robinson
PERSON_0000000691,Jeremy Cruz
PERSON_0000000692,James Richard
PERSON_0000000693,Colleen Edwards
PERSON_0000000694,Sharon Ochoa
PERSON_0000000695,Ricky Elliott
PERSON_0000000696,Curtis Williams
PERSON_0000000697,Brian Lee
PERSON_0000000698,Shane Hood
PERSON_0000000699,Guy Lucero
PERSON_0000000700,Maria Long
PERSON_0000000701,Susan Schneider
PERSON_0000000702,Matthew Hernandez
PERSON_0000000703,Megan Steele
PERSON_0000000704,Caitlin Miles
PERSON_0000000705,Stephanie Morris
PERSON_0000000706,Vickie Santos
PERSON_0000000707,Eric Shaw
PERSON_0000000708,James Schwartz
PERSON_0000000709,Larry Adams
PERSON_0000000710,Jo Bean
PERSON_0000000711,Jeffrey Wilkinson
PERSON_0000000712,Danielle Lopez
PERSON_0000000713,Amanda Jenkins
PERSON_0000000714,Dawn Valdez
PERSON_0000000715,Pamela Thompson
PERSON_0000000716,Brian Smith
PERSON_0000000717,Diana Garcia
PERSON_0000000718,Sarah Downs
PERSON_0000000719,Kevin Campbell
PERSON_0000000720,Kathleen Parsons
PERSON_0000000721,Thomas Tucker
PERSON_0000000722,Jose Williams
PERSON_0000000723,Jenna Cochran
PERSON_0000000724,David Hall
PERSON_0000000725,Terry Wilson
PERSON_0000000726,Michelle Harris
PERSON_0000000727,Bradley Adams
PERSON_0000000728,Thomas Johnson
PERSON_0000000729,Steven Hull
PERSON_0000000730,Christopher Smith
PERSON_0000000731,Colleen Mendez
PERSON_0000000732,Michael Johnson
PERSON_0000000733,Patricia Parker
PERSON_0000000734,Brianna Ward
PERSON_0000000735,Kendra Lowery
PERSON_0000000736,Timothy Patterson
PERSON_0000000737,Kenneth Hernandez
PERSON_0000000738,April Gonzalez PhD
PERSON_0000000739,Tiffany Christensen
PERSON_0000000740,William Rodriguez
PERSON_0000000741,Frank Walker
PERSON_0000000742,Matthew Browning
PERSON_0000000743,Hannah Hall
PERSON_0000000744,Edward Blake
PERSON_0000000745,Adam Ellison
PERSON_0000000746,Michael Mccoy
PERSON_0000000747,Lisa Booker
PERSON_0000000748,Hector Torres
PERSON_0000000749,Eddie Long
PERSON_0000000750,Timothy Watts
PERSON_0000000751,Tina Vargas
PERSON_0000000752,Melissa Gomez
PERSON_0000000753,Jessica Nichols
PERSON_0000000754,Shelby Mcgee
PERSON_0000000755,Tyler Gonzalez
PERSON_0000000756,Robert White
PERSON_0000000757,Jesse Hoover
PERSON_0000000758,Shelley Johnson
PERSON_0000000759,Shawn Phillips
PERSON_0000000760,Jose Rice
PERSON_0000000761,Kenneth Munoz
PERSON_0000000762,Kaitlin Rosales
PERSON_0000000763,Lindsey Morrison
PERSON_0000000764,Amy Fleming
PERSON_0000000765,Timothy Dillon
PERSON_0000000766,Michelle Schwartz
PERSON_0000000767,Joseph Saunders
PERSON_0000000768,Erika Gonzalez
PERSON_0000000769,Lindsey Martinez
PERSON_0000000770,Samuel Rose
PERSON_0000000771,Anthony Sanders
PERSON_0000000772,Mr. Jacob Garza MD
PERSON_0000000773,April Thomas
PERSON_0000000774,Kenneth Khan
PERSON_0000000775,Stephanie Knight
PERSON_0000000776,Lisa Maldonado
PERSON_0000000777,Jim Mercado
PERSON_0000000778,Clayton Peterson
PERSON_0000000779,Ashley Kim
PERSON_0000000780,Savannah Doyle
PERSON_0000000781,Katherine Bates
PERSON_0000000782,Jose Foley
PERSON_0000000783,Joshua Adams
PERSON_0000000784,Jason Davidson
PERSON_0000000785,Erica Thompson
PERSON_0000000786,Robert White
PERSON_0000000787,Diana Cox
PERSON_0000000788,James Wong
PERSON_0000000789,Michael Gould
PERSON_0000000790,Aaron Hurley
PERSON_0000000791,Caroline Keller
PERSON_0000000792,Kelsey Garrett
PERSON_0000000793,Taylor Jones
PERSON_0000000794,Jeremy Johnson
PERSON_0000000795,Mr. Anthony Mills MD
PERSON_0000000796,Julia Garcia
PERSON_0000000797,Theodore Benjamin
PERSON_0000000798,Christian Pierce
PERSON_0000000799,Beth Schmitt
PERSON_0000000800,Eric Gonzalez
PERSON_0000000801,Steve Gonzalez Jr.
PERSON_0000000802,Becky Perry
PERSON_0000000803,Victoria Gibson
PERSON_0000000804,Shelby Evans
PERSON_0000000805,Amber Barrera
PERSON_0000000806,Kristen Montes DDS
PERSON_0000000807,Patricia Cooper
PERSON_0000000808,Sarah Robinson
PERSON_0000000809,Donald Moore
PERSON_0000000810,Matthew Lopez
PERSON_0000000811,Brenda Moore
PERSON_0000000812,Stephanie Rojas
PERSON_0000000813,Tina Copeland
PERSON_0000000814,Mrs. Amy Wright
PERSON_0000000815,Melissa Walls DDS
PERSON_0000000816,Madeline Roberts
PERSON_0000000817,Mark Townsend
PERSON_0000000818,Dennis Jones
PERSON_0000000819,Zachary Cooper
PERSON_0000000820,Michele Thompson
PERSON_0000000821,Stuart Boyd
PERSON_0000000822,Kimberly Klein
PERSON_0000000823,Steven Burton
PERSON_0000000824,Tonya York
PERSON_0000000825,Trevor Hall
PERSON_0000000826,David Johnson
PERSON_0000000827,Jamie Gordon
PERSON_0000000828,Brittany Moore
PERSON_0000000829,Marissa Griffith
PERSON_0000000830,Sarah Smith
PERSON_0000000831,Maria Blackburn
PERSON_0000000832,Kimberly Williams
PERSON_0000000833,William Griffin
PERSON_0000000834,Andrea Cook
PERSON_0000000835,Hannah Smith
PERSON_0000000836,Ronald Palmer
PERSON_0000000837,Bobby Andrews
PERSON_0000000838,Robin Johnson
PERSON_0000000839,Jennifer Christian
PERSON_0000000840,Rachel Thompson
PERSON_0000000841,Angela Williams
PERSON_0000000842,Stephanie Baker
PERSON_0000000843,Jill Davis
PERSON_0000000844,Robert Young
PERSON_0000000845,Billy Howard
PERSON_0000000846,Patricia Garcia
PERSON_0000000847,Mary Wang
PERSON_0000000848,James Odom
PERSON_0000000849,Elizabeth Jones
PERSON_0000000850,Ray Fuller
PERSON_0000000851,Eddie Lin
PERSON_0000000852,Margaret Mills DVM
PERSON_0000000853,Shelly Rose
PERSON_0000000854,Jackson Carney
PERSON_0000000855,Mr. Gregory Brown DDS
PERSON_0000000856,Sean Baker Jr.
PERSON_0000000857,Lisa Khan
PERSON_0000000858,Jennifer Long
PERSON_0000000859,Melissa Pacheco
PERSON_0000000860,Christopher Malone
PERSON_0000000861,Eric Burns
PERSON_0000000862,Mrs. Kayla Chandler
PERSON_0000000863,Sarah Santos
PERSON_0000000864,Travis Bolton
PERSON_0000000865,Scott Tyler
PERSON_0000000866,Terrance Marshall
PERSON_0000000867,Raymond Evans
PERSON_0000000868,David Holden
PERSON_0000000869,Jonathan Khan
PERSON_0000000870,Brittany Barber
PERSON_0000000871,Eric Shaw
PERSON_0000000872,William Stuart
PERSON_0000000873,Gina Martin
PERSON_0000000874,Ruben Chang
PERSON_0000000875,Jeffrey Washington
PERSON_0000000876,Danielle Evans
PERSON_0000000877,Randall Hernandez
PERSON_0000000878,Mary Odonnell
PERSON_0000000879,Luke Juarez
PERSON_0000000880,Scott Russell DDS
PERSON_0000000881,Jessica Fuentes
PERSON_0000000882,Miss Elizabeth Lowe MD
PERSON_0000000883,Allison Jones
PERSON_0000000884,Laurie Gomez
PERSON_0000000885,Jeremy Thomas
PERSON_0000000886,Rebecca Mitchell
PERSON_0000000887,Mariah Werner
PERSON_0000000888,Christopher Campbell
PERSON_0000000889,Tracy Rodriguez
PERSON_0000000890,Michael Paul
PERSON_0000000891,Anthony Garner
PERSON_0000000892,Stacy Ramirez
PERSON_0000000893,Lindsey Martinez
PERSON_0000000894,Anthony Ross
PERSON_0000000895,Anthony Simmons
PERSON_0000000896,Mitchell Duran
PERSON_0000000897,Patrick Moore
PERSON_0000000898,Mark Gomez
PERSON_0000000899,Connie Clark
PERSON_0000000900,Kimberly Dillon
PERSON_0000000901,George Parrish
PERSON_0000000902,Matthew George
PERSON_0000000903,Paul Rodriguez
PERSON_0000000904,Tina Morales PhD
PERSON_0000000905,Renee Hayes
PERSON_0000000906,Rebekah Anderson
PERSON_0000000907,Hannah Drake
PERSON_0000000908,Anthony Baker
PERSON_0000000909,Crystal Miller
PERSON_0000000910,John Olsen
PERSON_0000000911,Jessica Smith
PERSON_0000000912,Tracy Brown
PERSON_0000000913,Cynthia Lee
PERSON_0000000914,Victoria Johnson
PERSON_0000000915,Tina Martin
PERSON_0000000916,Sandra Wheeler
PERSON_0000000917,Christine Allen
PERSON_0000000918,Margaret Murillo
PERSON_0000000919,Thomas Smith
PERSON_0000000920,Michael Greene
PERSON_0000000921,Amanda Torres
PERSON_0000000922,Alicia Leach
PERSON_0000000923,William Harris
PERSON_0000000924,Tristan Matthews
PERSON_0000000925,Nicholas Austin
PERSON_0000000926,Amy Austin
PERSON_0000000927,Teresa King
PERSON_0000000928,Dale Carter
PERSON_0000000929,Katie Baker
PERSON_0000000930,Rebekah Cooley
PERSON_0000000931,Craig Snow
PERSON_0000000932,Matthew Cooper
PERSON_0000000933,Megan Young
PERSON_0000000934,Ricky Hayden
PERSON_0000000935,Hannah Cole
PERSON_0000000936,Anna Montgomery
PERSON_0000000937,Miguel Perry
PERSON_0000000938,Adrian Manning
PERSON_0000000939,Mary Carlson
PERSON_0000000940,Michelle Nelson
PERSON_0000000941,Todd Le
PERSON_0000000942,Matthew Lopez
PERSON_0000000943,Jaime Nelson
PERSON_0000000944,Brandi Jensen
PERSON_0000000945,Dr. Stephanie Miller
PERSON_0000000946,Diamond Jones
PERSON_0000000947,Andrea Jones
PERSON_0000000948,Sara Guerrero
PERSON_0000000949,Tamara Wood
PERSON_0000000950,Kevin Hayes
PERSON_0000000951,Stephen Johnson
PERSON_0000000952,Amy Powers
PERSON_0000000953,John Hartman
PERSON_0000000954,Theresa Perez
PERSON_0000000955,Christopher Martinez
PERSON_0000000956,Madeline Simpson
PERSON_0000000957,Brianna Brennan
PERSON_0000000958,Dennis Scott
PERSON_0000000959,Thomas Goodwin
PERSON_0000000960,Alexis Frey
PERSON_0000000961,Sydney Warren
PERSON_0000000962,Shelly Smith
PERSON_0000000963,Kimberly Carter
PERSON_0000000964,Jonathan Hernandez
PERSON_0000000965,Austin Smith
PERSON_0000000966,Breanna Hill
PERSON_0000000967,Krystal Bradley
PERSON_0000000968,Scott Durham
PERSON_0000000969,Jeremy Austin
PERSON_0000000970,Jacob Wiley
PERSON_0000000971,Donald Liu
PERSON_0000000972,Angela Baker
PERSON_0000000973,Jessica Mayo
PERSON_0000000974,Antonio Martinez
PERSON_0000000975,Christopher Thomas
PERSON_0000000976,Suzanne Gilbert
PERSON_0000000977,Sherry Bonilla
PERSON_0000000978,Richard Hill
PERSON_0000000979,Stephanie Carpenter
PERSON_0000000980,Seth Frank
PERSON_0000000981,Melissa Martin
PERSON_0000000982,Vanessa Green
PERSON_0000000983,Sara Johnson
PERSON_0000000984,Bradley Acosta
PERSON_0000000985,Thomas Taylor
PERSON_0000000986,Brandon Love
PERSON_0000000987,Gina Meyers
PERSON_0000000988,Derek Reid
PERSON_0000000989,Steven Bolton
PERSON_0000000990,William Cobb
PERSON_0000000991,Sheila Carter
PERSON_0000000992,Michelle Jimenez
PERSON_0000000993,Kevin Curtis
PERSON_0000000994,Bruce Vaughn
PERSON_0000000995,Richard Kirk
PERSON_0000000996,Alexander Hernandez
PERSON_0000000997,Brandon Miller
PERSON_0000000998,Dennis Floyd
PERSON_0000000999,Stephen Manning
